page,section,chapter,title
1,ORIGIN,0,THE GOAL OF OUR CRAFT
2,ORIGIN,0,THE GOAL OF OUR CRAFT
3,ORIGIN,0,THE GOAL OF OUR CRAFT
4,ORIGIN,0,THE GOAL OF OUR CRAFT
5,ORIGIN,0,THE GOAL OF OUR CRAFT
6,ORIGIN,0,THE GOAL OF OUR CRAFT
7,ORIGIN,0,THE GOAL OF OUR CRAFT
8,ORIGIN,0,THE GOAL OF OUR CRAFT
9,ORIGIN,0,THE GOAL OF OUR CRAFT
10,ORIGIN,0,THE GOAL OF OUR CRAFT
11,ORIGIN,0,THE GOAL OF OUR CRAFT
12,ORIGIN,0,THE GOAL OF OUR CRAFT
13,ORIGIN,1,DATA SHADOWS
14,ORIGIN,1,DATA SHADOWS
15,ORIGIN,1,DATA SHADOWS
16,ORIGIN,1,DATA SHADOWS
17,ORIGIN,1,DATA SHADOWS
18,ORIGIN,1,DATA SHADOWS
19,ORIGIN,1,DATA SHADOWS
20,ORIGIN,1,DATA SHADOWS
21,ORIGIN,1,DATA SHADOWS
22,ORIGIN,1,DATA SHADOWS
23,ORIGIN,2,INFORMATION MURMURS
24,ORIGIN,2,INFORMATION MURMURS
25,ORIGIN,2,INFORMATION MURMURS
26,ORIGIN,2,INFORMATION MURMURS
27,ORIGIN,2,INFORMATION MURMURS
28,ORIGIN,2,INFORMATION MURMURS
29,ORIGIN,2,INFORMATION MURMURS
30,ORIGIN,2,INFORMATION MURMURS
31,ORIGIN,2,INFORMATION MURMURS
32,ORIGIN,2,INFORMATION MURMURS
33,ORIGIN,2,INFORMATION MURMURS
34,ORIGIN,2,INFORMATION MURMURS
35,METAPHORICAL,3,EMBODIED ENCODING
36,METAPHORICAL,3,EMBODIED ENCODING
37,METAPHORICAL,3,EMBODIED ENCODING
38,METAPHORICAL,3,EMBODIED ENCODING
39,METAPHORICAL,3,EMBODIED ENCODING
40,METAPHORICAL,3,EMBODIED ENCODING
41,METAPHORICAL,3,EMBODIED ENCODING
42,METAPHORICAL,3,EMBODIED ENCODING
43,METAPHORICAL,3,EMBODIED ENCODING
44,METAPHORICAL,3,EMBODIED ENCODING
45,METAPHORICAL,4,COUNTING TIME
46,METAPHORICAL,4,COUNTING TIME
47,METAPHORICAL,4,COUNTING TIME
48,METAPHORICAL,4,COUNTING TIME
49,METAPHORICAL,4,COUNTING TIME
50,METAPHORICAL,4,COUNTING TIME
51,METAPHORICAL,4,COUNTING TIME
52,METAPHORICAL,4,COUNTING TIME
53,METAPHORICAL,4,COUNTING TIME
54,METAPHORICAL,4,COUNTING TIME
55,METAPHORICAL,4,COUNTING TIME
56,METAPHORICAL,4,COUNTING TIME
57,METAPHORICAL,5,WORLD BUILDING
58,METAPHORICAL,5,WORLD BUILDING
59,METAPHORICAL,5,WORLD BUILDING
60,METAPHORICAL,5,WORLD BUILDING
61,METAPHORICAL,5,WORLD BUILDING
62,METAPHORICAL,5,WORLD BUILDING
63,METAPHORICAL,5,WORLD BUILDING
64,METAPHORICAL,5,WORLD BUILDING
65,METAPHORICAL,5,WORLD BUILDING
66,METAPHORICAL,5,WORLD BUILDING
67,METAPHORICAL,6,INFUSE MEANING
68,METAPHORICAL,6,INFUSE MEANING
69,METAPHORICAL,6,INFUSE MEANING
70,METAPHORICAL,6,INFUSE MEANING
71,METAPHORICAL,6,INFUSE MEANING
72,METAPHORICAL,6,INFUSE MEANING
73,METAPHORICAL,6,INFUSE MEANING
74,METAPHORICAL,6,INFUSE MEANING
75,METAPHORICAL,6,INFUSE MEANING
76,METAPHORICAL,6,INFUSE MEANING
77,METAPHORICAL,6,INFUSE MEANING
78,METAPHORICAL,6,INFUSE MEANING
79,METAPHORICAL,7,TRUE COLORS
80,METAPHORICAL,7,TRUE COLORS
81,METAPHORICAL,7,TRUE COLORS
82,METAPHORICAL,7,TRUE COLORS
83,METAPHORICAL,7,TRUE COLORS
84,METAPHORICAL,7,TRUE COLORS
85,METAPHORICAL,7,TRUE COLORS
86,METAPHORICAL,7,TRUE COLORS
87,METAPHORICAL,7,TRUE COLORS
88,METAPHORICAL,7,TRUE COLORS
89,MATHEMAGICAL,8,EXPLORE TO CREATE
90,MATHEMAGICAL,8,EXPLORE TO CREATE
91,MATHEMAGICAL,8,EXPLORE TO CREATE
92,MATHEMAGICAL,8,EXPLORE TO CREATE
93,MATHEMAGICAL,8,EXPLORE TO CREATE
94,MATHEMAGICAL,8,EXPLORE TO CREATE
95,MATHEMAGICAL,8,EXPLORE TO CREATE
96,MATHEMAGICAL,8,EXPLORE TO CREATE
97,MATHEMAGICAL,8,EXPLORE TO CREATE
98,MATHEMAGICAL,8,EXPLORE TO CREATE
99,MATHEMAGICAL,9,CREATE TO EXPLORE
100,MATHEMAGICAL,9,CREATE TO EXPLORE
101,MATHEMAGICAL,9,CREATE TO EXPLORE
102,MATHEMAGICAL,9,CREATE TO EXPLORE
103,MATHEMAGICAL,9,CREATE TO EXPLORE
104,MATHEMAGICAL,9,CREATE TO EXPLORE
105,MATHEMAGICAL,9,CREATE TO EXPLORE
106,MATHEMAGICAL,9,CREATE TO EXPLORE
107,MATHEMAGICAL,9,CREATE TO EXPLORE
108,MATHEMAGICAL,9,CREATE TO EXPLORE
109,MATHEMAGICAL,9,CREATE TO EXPLORE
110,MATHEMAGICAL,9,CREATE TO EXPLORE
111,MATHEMAGICAL,10,UNCERTAIN HONESTY
112,MATHEMAGICAL,10,UNCERTAIN HONESTY
113,MATHEMAGICAL,10,UNCERTAIN HONESTY
114,MATHEMAGICAL,10,UNCERTAIN HONESTY
115,MATHEMAGICAL,10,UNCERTAIN HONESTY
116,MATHEMAGICAL,10,UNCERTAIN HONESTY
117,MATHEMAGICAL,10,UNCERTAIN HONESTY
118,MATHEMAGICAL,10,UNCERTAIN HONESTY
119,MATHEMAGICAL,10,UNCERTAIN HONESTY
120,MATHEMAGICAL,10,UNCERTAIN HONESTY
121,MATHEMAGICAL,10,UNCERTAIN HONESTY
122,MATHEMAGICAL,10,UNCERTAIN HONESTY
123,SENSATIONAL,10,[transition]
124,SENSATIONAL,10,[transition]
125,SENSATIONAL,11,ENCOUNTER
126,SENSATIONAL,11,ENCOUNTER
127,SENSATIONAL,11,ENCOUNTER
128,SENSATIONAL,11,ENCOUNTER
129,SENSATIONAL,11,ENCOUNTER
130,SENSATIONAL,11,ENCOUNTER
131,SENSATIONAL,11,ENCOUNTER
132,SENSATIONAL,11,ENCOUNTER
133,SENSATIONAL,12,LISTEN
134,SENSATIONAL,12,LISTEN
135,SENSATIONAL,12,LISTEN
136,SENSATIONAL,12,LISTEN
137,SENSATIONAL,12,LISTEN
138,SENSATIONAL,12,LISTEN
139,SENSATIONAL,12,LISTEN
140,SENSATIONAL,12,LISTEN
141,SENSATIONAL,12,LISTEN
142,SENSATIONAL,12,LISTEN
143,SENSATIONAL,13,FREEZE
144,SENSATIONAL,13,FREEZE
145,SENSATIONAL,13,FREEZE
146,SENSATIONAL,13,FREEZE
147,SENSATIONAL,13,FREEZE
148,SENSATIONAL,13,FREEZE
149,SENSATIONAL,13,FREEZE
150,SENSATIONAL,13,FREEZE
151,SENSATIONAL,14,CONNECT
152,SENSATIONAL,14,CONNECT
153,SENSATIONAL,14,CONNECT
154,SENSATIONAL,14,CONNECT
155,SENSATIONAL,14,CONNECT
156,SENSATIONAL,14,CONNECT
157,SENSATIONAL,15,MAKE
158,SENSATIONAL,15,MAKE
159,SENSATIONAL,15,MAKE
160,SENSATIONAL,15,MAKE
161,SENSATIONAL,15,MAKE
162,SENSATIONAL,15,MAKE
163,SENSATIONAL,15,MAKE
164,SENSATIONAL,15,MAKE
165,SENSATIONAL,15,MAKE
166,SENSATIONAL,15,MAKE
167,INFORMATIONAL,16,INSPIRE TRUST
168,INFORMATIONAL,16,INSPIRE TRUST
169,INFORMATIONAL,16,INSPIRE TRUST
170,INFORMATIONAL,16,INSPIRE TRUST
171,INFORMATIONAL,16,INSPIRE TRUST
172,INFORMATIONAL,16,INSPIRE TRUST
173,INFORMATIONAL,16,INSPIRE TRUST
174,INFORMATIONAL,16,INSPIRE TRUST
175,INFORMATIONAL,17,IMAGINATION TO IMAGE
176,INFORMATIONAL,17,IMAGINATION TO IMAGE
177,INFORMATIONAL,17,IMAGINATION TO IMAGE
178,INFORMATIONAL,17,IMAGINATION TO IMAGE
179,INFORMATIONAL,17,IMAGINATION TO IMAGE
180,INFORMATIONAL,17,IMAGINATION TO IMAGE
181,INFORMATIONAL,17,IMAGINATION TO IMAGE
182,INFORMATIONAL,17,IMAGINATION TO IMAGE
183,INFORMATIONAL,17,IMAGINATION TO IMAGE
184,INFORMATIONAL,17,IMAGINATION TO IMAGE
185,INFORMATIONAL,18,FOCUS ATTENTION
186,INFORMATIONAL,18,FOCUS ATTENTION
187,INFORMATIONAL,18,FOCUS ATTENTION
188,INFORMATIONAL,18,FOCUS ATTENTION
189,INFORMATIONAL,18,FOCUS ATTENTION
190,INFORMATIONAL,18,FOCUS ATTENTION
191,INFORMATIONAL,18,FOCUS ATTENTION
192,INFORMATIONAL,18,FOCUS ATTENTION
193,INFORMATIONAL,18,FOCUS ATTENTION
194,INFORMATIONAL,18,FOCUS ATTENTION
195,INFORMATIONAL,18,FOCUS ATTENTION
196,INFORMATIONAL,18,FOCUS ATTENTION
197,ONWARD,19,CREATIVE ROUTINES
198,ONWARD,19,CREATIVE ROUTINES
199,ONWARD,19,CREATIVE ROUTINES
200,ONWARD,19,CREATIVE ROUTINES
201,ONWARD,19,CREATIVE ROUTINES
202,ONWARD,19,CREATIVE ROUTINES
203,ONWARD,21,BEAUTIFUL TOMORROW
204,ONWARD,21,BEAUTIFUL TOMORROW
205,ONWARD,21,BEAUTIFUL TOMORROW
206,ONWARD,21,BEAUTIFUL TOMORROW
207,ONWARD,21,BEAUTIFUL TOMORROW
208,ONWARD,21,BEAUTIFUL TOMORROW
